Opening,Opening.1,Title,Director,Cast,Genre,Producer,Ref
J A N U A R Y,6,Pachaikili Parimala,Madhubalan,"Damodaran, Sakthishree",Erotic,Sethu Medias,[13]
J A N U A R Y,6,Peiyena Peiyum Kurudhi,Sudhakar Shanmugam,"Jana, Seenivasan, Harish, Ganeshan, Robin",Thriller,Lion Hunters Productions,[14]
J A N U A R Y,6,Soorathengai,Sanjeev Srinivas Kanna,"Arvind Vinod, Eugina Samanthi, Theni Murugan",Action masala,Maruthi Films International,[15]
J A N U A R Y,6,Unnai Thottu Kolla Vaa,Krishnakumar,"Powerstar Srinivasan, Livingston, Ganja Karuppu",Horror,Kavibharathi Creations,[16]
J A N U A R Y,12,Bairavaa,Bharathan,"Vijay, Keerthy Suresh, Sathish, Jagapati Babu, Daniel Balaji",Action comedy,Vijaya Productions,[17]
J A N U A R Y,14,Koditta Idangalai Nirappuga,Parthiban,"Shanthanu Bhagyaraj, Parvatii Nair, Parthiban, Thambi Ramaiah",Comedy thriller,Reel Estate Company & Bioscope Film Frames,[18]
J A N U A R Y,20,Sivappu Enakku Pidikkum,Youreka,"Sandra Amy, Youreka",Drama,JSK Film Corporation & Youreka Film School,[19]
J A N U A R Y,26,Adhe Kangal,Rohin Venkatesan,"Kalaiyarasan, Sshivada, Janani Iyer, Bala Saravanan",Crime thriller,Thirukumaran Entertainment,[20]
F E B R U A R Y,2,Bogan,Lakshman,"Jayam Ravi, Arvind Swamy, Hansika Motwani, Varun, Akshara Gowda",Supernatural thriller,Prabhu Deva Studios,[21]
F E B R U A R Y,2,Enakku Vaaitha Adimaigal,Mahendran Rajamani,"Jai, Pranitha, Karunakaran, Kaali Venkat",Comedy,Vansan Movies,[22]
F E B R U A R Y,9,Si3,Hari,"Suriya, Shruti Haasan, Anushka Shetty, Thakur Anoop Singh",Action masala,Studio Green,[23]
F E B R U A R Y,10,Lightman,Kumar G. Venkatesh,"Karthik Nagarajan, Jennifer",Biographical,Studio18,[24]
F E B R U A R Y,10,Pragamiyam,Prathap,"Prathap, Parvathy, Subha",Drama,Steel Toe Productions,[25]
F E B R U A R Y,17,Ennodu Vilayadu,Arun Krishnaswami,"Bharath, Kathir, Chandini Tamilarasan, Sanchita Shetty",Thriller drama,Toronto Reels & Reyan Studios,[26]
F E B R U A R Y,17,Kadhal Kan Kattudhe,Shivaraj,"KG, Athulya, Aneeruth",Romance,Kovai Film Mates,[27]
F E B R U A R Y,17,Pagadi Aattam,Ram K. Chandran,"Rahman, Akhil, Gowri Nandha",Thriller,Bharani Movies & Marram Movies,[28]
F E B R U A R Y,17,Rum,Sai Bharath,"Hrishikesh, Sanchita Shetty, Narain, Miya",Horror,All In Pictures,[29]
F E B R U A R Y,24,Kanavu Variyam,Arun Chidambaram,"Arun Chidambaram, Jiya Shankar, Yog Japee",Drama,DCKAP Cinemas,[30]
F E B R U A R Y,24,Muthuramalingam,Rajadurai,"Gautham Karthik, Priya Anand, Napoleon",Action masala,Global Media Works,[31]
F E B R U A R Y,24,Yaman,Jeeva Shankar,"Vijay Antony, Miya, Thiagarajan",Political thriller,Lyca Productions & Vijay Antony Film Corporation,[32]
M A R C H,3,Kuttram 23,Arivazhagan,"Arun Vijay, Mahima Nambiar, Aravind Akash, Vamsi Krishna",Crime thriller,Ice Entertainment & Redan Studios,[33]
M A R C H,3,Mupparimanam,Adhirooban,"Shanthanu Bhagyaraj, Srushti Dange, Skanda Ashok",Romantic thriller,Shamayalaya Creations,[34]
M A R C H,3,Yaakkai,Kuzhandai Velappan,"Kreshna, Swathi Reddy, Prakash Raj, Guru Somasundaram",Romantic thriller,Prim Pictures,[35]
M A R C H,9,Motta Shiva Ketta Shiva,Sai Ramani,"Raghava Lawrence, Nikki Galrani, Sathyaraj, Ashutosh Rana",Action masala,Super Good Films,[36]
M A R C H,10,Maanagaram,Lokesh Kanagaraj,"Sundeep Kishan, Sri, Regina Cassandra, Ramdoss",Action thriller,Potential Studios,[37]
M A R C H,10,Nisabdham,Michael Arun,"Ajay, Abhinaya, Kishore, Sathanya",Drama,Miracle Pictures,[38]
M A R C H,17,Bruce Lee,Prashanth Pandiraj,"G. V. Prakash Kumar, Kriti Kharbanda, Bala Saravanan",Comedy,Kenanya Films & PK Film Factory,[39]
M A R C H,17,Kanna Pinna,Thiya Nair,"Thiya Nair, Anjali Rao, Shiva",Comedy,SS Big Cinemas & Mehak Production,[40]
M A R C H,17,Kattappava Kanom,Mani Seiyon,"Sibi Sathyaraj, Aishwarya Rajesh, Chandini Tamilarasan",Comedy,WindChimes Media Entertainments,[41]
M A R C H,17,Oru Mugathirai,R. Senthilnadan,"Rahman, Suresh, Aditi Gururaj",Thriller,Sree Sai Vignesh Studios,[42]
M A R C H,17,Vaanga Vaanga,N. P. Ismail,"Vicky, Shreya Sri, Niveditha, Powerstar Srinivasan, Appukutty",Horror comedy,Friends Pictures,[43]
M A R C H,24,1 A.M,Rahul,"Mohan, Sasvatha",Horror,RPM Cinemas & MPM Productions,[44]
M A R C H,24,465,Sai Sathyam,"Karthik Raj, Niranjana",Horror,LPS Films,[45]
M A R C H,24,Dhayam,Kannan Rangaswamy,"Santhosh Prathap, Jayakumar, Iraa Agarwal, Aanchal Singh",Thriller,Future Film Factory International,[46]
M A R C H,24,Enkitta Mothathe,Ramu Chellappa,"Natty, Rajaji, Sanchita Shetty, Parvathy Nair",Action masala,KV Films & Eros International,[47]
M A R C H,24,Kadugu,Vijay Milton,"Bharath, Rajakumaran, Subiksha, Radhika Prasidhha",Drama,Rough Note Production & Sakthi Film Factory,[48]
M A R C H,24,Paambhu Sattai,Adam Dasan,"Bobby Simha, Keerthy Suresh, Muktha",Action thriller,Manobala's Picture House & Cinema City,[49]
M A R C H,24,Vaigai Express,Shaji Kailas,"R. K., Neetu Chandra, Iniya, Komal Sharma",Crime thriller,Makkal Paasarai,[50]
M A R C H,31,Arasakulam,Kumar Maaran,"Rathan Mouli, Nayana Nair, Rajashree",Action masala,BR Sain Films,[51]
M A R C H,31,Attu,Rathan Linga,"Rishi Rithvik, Archana Ravi, Yogi Babu",Action drama,Studio 9 & Dream Icon Film Production,[52]
M A R C H,31,Dora,Doss Ramasamy,"Nayanthara, Sulile Kumar, Harish Uthaman, Thambi Ramaiah",Horror,A Sarkunam Cinemaz & Nemichand Jabak Productions,[53]
M A R C H,31,Kavan,K. V. Anand,"Vijay Sethupathi, Madonna Sebastian, T. Rajendar, Vikranth",Social thriller,AGS Entertainment,[54]
M A R C H,31,Naalu Peruku Nalladhuna Edhuvum Thappilla,Dinesh Selvaraj,"Karthik Raj, Shariya, Jagadeesh Kanna, Evansree",Action,Alpha Studios,[55]
M A R C H,31,Sevili,R. Ananth,"Arvind Roshan, Krithi Shetty, Shakeela",Romance,MKM Films,[56]
A P R I L,7,8 Thottakkal,Sri Ganesh,"Vetri, Aparna Balamurali, Nassar, M. S. Bhaskar",Crime thriller,Vetrivel Saravana Cinemas & Big Print Pictures Production & Sakthi Film Factory,[57]
A P R I L,7,Julieum 4 Perum,Satheesh Kumar,"Amudhavanan, George, Yoganand, Satheesh Kumar, Alya Mansa",Comedy,Sahana Studios,[58]
A P R I L,7,Kaatru Veliyidai,Mani Ratnam,"Karthi, Aditi Rao Hydari",Romance,Madras Talkies,[59]
A P R I L,7,Senjittale En Kadhala,Ezhil Durai,"Ezhil Durai, Madhumila, Abhinaya",Romance,SB Entertainment,[60]
A P R I L,7,Viruthachalam,Rathan Ganapathy,"Virudhagiri, Swetha, Sameera, Shireen Taha",Masala,Lakshmi Ammal Films,[61]
A P R I L,14,Kadamban,Ragavan,"Arya, Catherine Tresa, Deepraj Rana",Action,Super Good Films,[62]
A P R I L,14,Pa Paandi,Dhanush,"Rajkiran, Prasanna, Chaya Singh, Revathi",Drama,Wunderbar Films & K Productions,[63]
A P R I L,14,Shivalinga,P. Vasu,"Raghava Lawrence, Ritika Singh, Shakthi, Vadivelu",Horror masala,Trident Arts,[64]
A P R I L,21,Ilai,Binish Raj,"Swathy Narayanan, Jenish, Sujeeth",Drama,Action Reaction Productions,[65]
A P R I L,21,Nagarvalam,Marxx,"Yuthan Balaji, Deekshitha Manikkam, Bala Saravanan",Romantic thriller,Redcarpet Production,[66]
A P R I L,28,Ayyanar Veethi,Gipsy N. Rajkumar,"Yuvan, Sara Shetty, K. Bhagyaraj, Ponvannan, Chinchu Mohan",Drama,Sri Sai Shanmugar Pictures,[67]
A P R I L,28,Baahubali: The Conclusion,S. S. Rajamouli,"Prabhas, Anushka Shetty, Rana Daggubati, Sathyaraj",Fantasy,Arka Media Works & K Productions,[68]
M A Y,5,Aarambamae Attakasam,Ranga,"Lollu Sabha Jeeva, Sangeetha Bhat, Pandiarajan, Vaiyapuri",Romantic comedy,Swathi Film Circuit,[69]
M A Y,5,Enga Amma Rani,Baani,"Dhansika, Varnika, Varsha",Horror drama,MK Films,[70]
M A Y,11,Saaya,V. S. Pazhanivel,"Sonia Agarwal, Santhosh Khanna, Gayatri Rema",Horror drama,Amma Appa Cine Pictures,[71]
M A Y,12,Lens,Jayaprakash Radhakrishnan,"Jayaprakash Radhakrishnan, Misha Ghoshal, Aswathy Lal",Thriller drama,Grassroot Film Company & Mini Studio,[72]
M A Y,12,Mangalapuram,R. Gopal,"Yathavan, Gayathri, Delhi Ganesh, Ajay Rathnam",Horror drama,Sri Angalamman Movies,[73]
M A Y,12,Saravanan Irukka Bayamaen,Ezhil,"Udhayanidhi Stalin, Regina Cassandra, Soori, Srushti Dange",Comedy,Red Giant Movies,[74]
M A Y,12,Thirappu Vizha,K. G. Veeramani,"Jeya Anand, Manishajith, Manobala",Drama,Infar Films,[75]
M A Y,12,Yeidhavan,Sakthi Rajasekaran,"Kalaiyarasan, Satna Titus, Vela Ramamoorthy",Action thriller,Friends Festival Films,[76]
M A Y,19,Inayathalam,Shankar & Suresh,"Ganesh Venkatraman, Swetha Menon, Erode Mahesh",Crime thriller,Anugraha Art Films,[77]
M A Y,19,Indira Kobai,Vijay T. Alexander,"Raju, Asha Latha, Vikki",Drama,A Na Aayum Creations,[78]
M A Y,19,Keikraan Meikkiran,Sam Immanuel,"Sabapathy, Lughna Ameer, Aadukalam Naren",Romantic comedy,Aswika Creations,[79]
M A Y,19,Sangili Bungili Kadhava Thorae,Ike Radha,"Jiiva, Sri Divya, Soori, Raadhika",Horror comedy,Fox Star Studios & A for Apple Production,[80]
M A Y,19,Veera Vamsam,Bhagavathi Bala,"Selva, Anitha, Radha Ravi",Action masala,Sri Periya Nayagi Amman Films,[81]
M A Y,26,Brindavanam,Radha Mohan,"Arulnithi, Tanya, Vivek",Comedy drama,Vansan Movies,[82]
M A Y,26,Thondan,Samuthirakani,"Vikranth, Samuthirakani, Sunaina",Drama,Vasundara Devi Cine Films,[83]
J U N E,2,7 Naatkal,Gautham,"Shakthi, Nikesha Patel, Ganesh Venkatraman, Angana Roy",Crime thriller,Million Dollar Movies,[84]
J U N E,2,Bongu,Taj,"Natarajan Subramaniam, Ruhi Singh, Manisha Shree",Heist thriller,RT Infinity Deal Entertainment,[85]
J U N E,2,Munnodi,S. P. T. A. Kumar,"Harish, Yamini Bhaskar, Sijoy Varghese, Suja Varunee",Masala,Swastik Cine Vision,[86]
J U N E,2,Neethan Raja,Niranjan,"Niranjan, Gayathri, Leema",Drama,Ranjanee Cinemas,[87]
J U N E,2,Oru Iyakkunarin Kadhal Diary,Velu Prabhakaran,"Velu Prabhakaran, Pon Swathi",Romance,JK Studios,[88]
J U N E,2,Oru Kidayin Karunai Manu,Suresh Sangaiah,"Vidharth, Raveena Ravi",Comedy drama,Eros International,[89]
J U N E,2,Tubelight,Indra,"Indra, Adithi Krishna, Pandiarajan",Comedy,Ostrich Films,[90]
J U N E,2,Vilayattu Aarambam,"Vijay R. Anand, A. R. Surriyan","Yuvan, Shravya, Riyaz Khan, Srinivasan",Action thriller,Mag5 Studios,[91]
J U N E,9,Rangoon,Rajkumar Periasamy,"Gautham Karthik, Sana Makbul",Crime thriller,ARM Productions & Fox Star Studios,[92]
J U N E,9,Sathriyan,S. R. Prabhakaran,"Vikram Prabhu, Manjima Mohan, Aishwarya Dutta",Action drama,Sathya Jyothi Films,[93]
J U N E,15,Peechankai,Ashok,"R. S. Karthik, Anjali Rao, Vivek Prasanna, M. S. Bhaskar",Comedy,Karsa entertainment,[94]
J U N E,16,Maragadha Naanayam,A. R. K. Saravan,"Aadhi, Nikki Galrani",Fantasy adventure comedy,Axess Film Factory,[95]
J U N E,16,Thangaratham,P. Balamurugan,"Vettrii, Adithi Krishna, Rajendran, Aadukalam Naren",Drama,NTC Media & V Care Productions,[96]
J U N E,16,Uru,Vicky Anand,"Kalaiyarasan, Dhansika, Mime Gopi",Crime thriller,Vaiyam Medias,[97]
J U N E,16,Veruli,P. Amudhavanan,"Abhishek Vinod, Archana Singh, Bhagyaraj",Thriller drama,PG Media Works,[98]
J U N E,23,Anbanavan Asaradhavan Adangadhavan,Adhik Ravichandran,"Silambarasan, Tamannaah, Shriya Saran",Masala,Global Infotainment,[99]
J U N E,23,Salaam,Ravi Rahul,"Ravi Rahul, Sampath",Romantic drama,Ranjana Films,[100]
J U N E,23,Vanamagan,A. L. Vijay,"Jayam Ravi, Sayyeshaa Saigal, Prakash Raj, Varun",Action adventure,Think Big Studio & Kona Film Corporation,[101]
J U N E,30,Adhagappattathu Magajanangalay,Inbasekhar,"Umapathy Ramaiah, Reshma Rathore, Karunakaran",Comedy thriller,Silver Screen Studios,[102]
J U N E,30,Engeyum Naan Iruppen,Benny Thomas,"Prajin, Kala Kalyani",Romantic thriller,Liya Film Company,[103]
J U N E,30,Ivan Thanthiran,R. Kannan,"Gautham Karthik, Shraddha Srinath, RJ Balaji",Comedy drama,Masala Pix,[104]
J U N E,30,Ivan Yarendru Therikiratha,S. T. Suresh Kumar,"Vishnu, Varsha Bollamma, Ishaara Nair, K. Bhagyaraj",Romantic comedy,Own Cinemas,[105]
J U N E,30,Kaadhal Kaalam,G. A. Somasundhara,"Chandru, Nithya Shetty, Jangiri Madhumitha",Romantic drama,Tamil Kodi Films,[106]
J U N E,30,Yaanum Theeyavan,Prashanth G. Sekar,"Ashwin Jerome, Varsha Bollamma, Raju Sundaram",Crime thriller,Peppy Cinemas,[107]
J U N E,30,Yevanavan,Natty Kumar,"Akil, Nayana, Sonia Agarwal, Vincent Asokan",Crime drama,B & B Entertainments,[108]
J U L Y,14,Gemini Ganeshanum Suruli Raajanum,Odam Ilavarasu,"Atharvaa, Regina Cassandra, Aishwarya Rajesh, Pranitha, Aaditi Pohankar",Romantic comedy,Amma Creations,[109]
J U L Y,14,Niranjana,Pandi Arunachalam,"Kishore Dev, Bharadha Naidu, Gayathiri",Horror,Narendra Movies,[110]
J U L Y,14,Pandigai,Feroz,"Kreshna, Anandhi, Nithin Sathya",Action thriller,Tea Time Talks Production,[111]
J U L Y,14,Rubaai,M. Anbazhagan,"Chandran, Anandhi, Chinni Jayanth",Thriller drama,God Pictures,[112]
J U L Y,14,Thiri,S. Ashok Amritharaj,"Ashwin Kakumanu, Swathi Reddy, Jayaprakash, Karunakaran",Action drama,Oxygen Cinemas and Sea Shore Gold Productions,[113]
J U L Y,21,(88)Enbathettu,Madhan,"Madhan, Upasana RC, Jayaprakash, Daniel Balaji",Action drama,JK Movie Makers,[114]
J U L Y,21,Meesaya Murukku,Hiphop Tamizha,"Hiphop Tamizha, Aathmika, Vivek, RJ Vigneshkanth, Vijayalakshmi",Musical drama,Avni Movies,[115]
J U L Y,21,Paakanum Pola Irukku,S. P. Rajkumar,"Bharathan, Ansiba Hassan, Soori, Ganja Karuppu",Romantic comedy,FCS Creations,[116]
J U L Y,21,Savarikkadu,M. N. Krishnakumar,"Rajapandi, Renuka, Swathi Shanmugam, Soori",Thriller drama,Annai Teresa Films,[117]
J U L Y,21,Vikram Vedha,Pushkar-Gayathri,"R. Madhavan, Vijay Sethupathi, Varalaxmi Sarathkumar, Shraddha Srinath, Kathir",Crime thriller,YNOT Studios,[118]
J U L Y,21,Yentha Nerathilum,R. Muthukumar,"Ramakrishnan, Yashmith, Sandra Amy, Leema Babu",Horror thriller,Anjali Entertainment,[119]
J U L Y,28,Ilavatta Pasanga,J. Balashrinivasan,"Arun Kumar, Akshaya Priya, Powerstar Srinivasan, Nizhalgal Ravi",Romance,K.K.P Vela Films,
J U L Y,28,Kootathil Oruthan,T. J. Gnanavel,"Ashok Selvan, Priya Anand, Samuthirakani",Drama,Dream Warrior Pictures,[120]
J U L Y,28,Namma Kadha,Nova,"Kavithran, Bavisha, Crane Manohar",Drama,ISSKK Productions,[121]
J U L Y,28,Nibunan,Arun Vaidyanathan,"Arjun, Prasanna, Vaibhav, Varalaxmi Sarathkumar, Sruthi Hariharan",Crime thriller,Passion Film Factory,[122]
J U L Y,28,Puyala Kelambi Varom,Arumugam,"Thaman Kumar, Madhu Shri, R. N. R. Manohar, Singampuli",Romantic drama,Jayashree Movie Makers,[123]
J U L Y,28,Thappillama Oru Thappu,V. Hariharan,"Kavin Karthik, Alisha, Vani Shree",Adult comedy,Om Bhavani Creations,
J U L Y,28,Yen Intha Mayakkam,Shakthi Vasantha Prabhu,"Della Raj, Rajiv Kumar, Swarna",Romantic drama,Rainbow Creations,[124]
A U G U S T,4,Aakkam,Veludoss Gnanasamantham,"Sathish Ravan, Delna Davis, Powerstar Srinivasan",Masala,Aadhi Lakshmi Entertainers,[125]
A U G U S T,4,Sathura Adi 3500,Jaison,"Nikhil Mohan, Iniya, Rahman, Swathi Deekshith",Horror,Right Views Cinema,[126]
A U G U S T,4,Ullam Ullavarai,Vishnuhasan,"Shankar, Meenu Karthika, Ganja Karuppu",Horror,Indhuja Films,[127]
A U G U S T,11,Podhuvaga Emmanasu Thangam,Thalapathy Prabhu,"Udhayanidhi Stalin, Nivetha Pethuraj, Parthiepan, Soori",Comedy,Thenandal Studio Limited,[128]
A U G U S T,11,Taramani,Ram,"Vasanth Ravi, Andrea Jeremiah, Anjali",Romantic drama,Catamaran Productions,[129]
A U G U S T,11,Velaiilla Pattadhari 2,Soundarya Rajinikanth,"Dhanush, Kajol, Amala Paul",Masala,V Creations,[130]
A U G U S T,24,Thappattam,Mujibur Rahman,"Durai Sudhakar, Dona Rozario",Romantic drama,Moon Pictures,[131]
A U G U S T,24,Vivegam,Siva,"Ajith Kumar, Kajal Aggarwal, Vivek Oberoi, Akshara Haasan",Spy Thriller,Sathya Jyothi Films,[132]
A U G U S T,25,Adra Raja Adida,Rajiya Kirushna,"Rajiya Kirushna, Shree Hema, Shanmugavelu",Comedy,7 Force Cinemas,[133]
A U G U S T,25,Pannam Pathinonnum Seyum,Jaya Krishna,"Bharani, Alisha Khan, Yog Japee",Action,AJ Film,
S E P T E M B E R,1,Kurangu Bommai,Nithilan Swaminathan,"Bharathiraja, Vidharth, Delna Davis",Thriller drama,Shreya Sri Movies LLP,[134]
S E P T E M B E R,1,Oru Kanavu Pola,V. C. Vijayasankar,"Ramakrishnan, Amala Rose Kurian, Soundararaja",Romance,Iraivan Cine Creations,[135]
S E P T E M B E R,1,Puriyatha Puthir,Ranjit Jeyakodi,"Vijay Sethupathi, Gayathrie",Psychological thriller,Rebel Studio,[136]
S E P T E M B E R,8,Aaram Vetrumai,Hari Krishna,"Ajay, Gopika, Yogi Babu",Period,7th Sense Movie Makers,[137]
S E P T E M B E R,8,Gilli Bambaram Goli,D. Manoharan,"Prasath, Naresh, Tamil, Deepthi Shetty, Ganja Karuppu",Thriller,Visco Corner Entertainers,
S E P T E M B E R,8,Kadhal Kasakuthaiya,Dwarakh Raja,"Dhruvva, Venba, Charle",Romance,Etcetera Entertainment,[138]
S E P T E M B E R,8,Kathanayagan,Tha. Muruganantham,"Vishnu, Catherine Tresa, Soori",Comedy,Vishnu Vishal Studioz,[139]
S E P T E M B E R,8,Maaya Mohini,Raasavikram,"Abdullah, Sarika, Imman Annachi, K. R. Vijaya",Horror,Kannan Creations,[140]
S E P T E M B E R,8,Neruppu Da,Ashok Kumar,"Vikram Prabhu, Nikki Galrani, Varun",Action thriller,First Artist Chandra Arts,[141]
S E P T E M B E R,8,Thappu Thanda,Srikantan,"Sathya Murthi, Shweta Gai, John Vijay, Mime Gopi",Action,Clapboard Production,[142]
S E P T E M B E R,14,Thupparivaalan,Mysskin,"Vishal, Prasanna, Vinay, Andrea Jeremiah, Anu Emmanuel, Simran",Crime thriller,Vishal Film Factory,[143]
S E P T E M B E R,15,Kombay,Hafiz M. Ismail,"Charles Arun, Theertha, Miraj Bhaskar",Drama,Roshan Pictures,[144]
S E P T E M B E R,15,Magalir Mattum,Bramma,"Jyothika, Saranya, Urvashi, Bhanupriya",Drama,2D Entertainment,[145]
S E P T E M B E R,15,Yaar Ivan,Tatineni Satya,"Sachiin Joshi, Esha Gupta, Prabhu, Kishore",Action,Viiking Media and Entertainment,[146]
S E P T E M B E R,22,Aayirathil Iruvar,Saran,"Vinay, Samuthrika, Swasthika, Kesha Khambhati",Thriller,Saran Movie Factory,[147]
S E P T E M B E R,22,Bayama Irukku,Jawahar,"Santhosh Prathap, Reshmi Menon, Kovai Sarala",Horror,Vasantham Productions,[148]
S E P T E M B E R,22,Ka Ka Ka: Aabathin Arikuri,M. Manon,"Ashok, Meghashree, Sangeetha Bhat, Kiran Pathikonda",Horror,Arpita Creations,[149]
S E P T E M B E R,22,Kalavu Thozhirchalai,T. Krishna Shamy,"Kathir, Kushi, Vamsi Krishna, Kalanjiyam",Drama,MGK Movie Makers,[150]
S E P T E M B E R,22,Konjam Konjam,Udayasankaran,"Gokul, Neenu, Appukutty, Mansoor Ali Khan",Comedy,Mimosa Productions,[151]
S E P T E M B E R,22,Pichuva Kaththi,Ayappan,"Inigo Prabhakaran, Anisha Xavier, Sri Priyanka",Drama,Sri Annamalaiyar Movies,[152]
S E P T E M B E R,22,Theru Naaigal,Hari Uthra,"Pratheek, Akshatha Sreedhar, Appukutty, Mime Gopi",Action,Shree Bhuwal Movie Productions,[153]
S E P T E M B E R,22,Valla Desam,N. T. Nantha,"Anu Hasan, Nassar, Bala Singh, Jayapalan",Action,Lakxshanna Pictures,[154]
S E P T E M B E R,27,Spyder,AR Murugadoss,"Mahesh Babu, Rakul Preet Singh, S. J. Surya, Bharath",Action thriller,NVR Cinema,[155]
S E P T E M B E R,29,Hara Hara Mahadevaki,Santhosh P. Jayakumar,"Gautham Karthik, Nikki Galrani, Sathish, R. K. Suresh",Adult comedy,Studio Green & Thangam Cinemas,[156]
S E P T E M B E R,29,Karuppan,R. Panneerselvam,"Vijay Sethupathi, Bobby Simha, Tanya Ravichandran",Action masala,Shree Sai Raam Creations,[157]
S E P T E M B E R,29,Neri,Bhagavathi Bala,"Mohan Kumar, Shriya Sri, K Raj Baskar, Bayilvan Ranganathan",Drama,Amoga Film Makers,[158]
O C T O B E R,5,Solo,Bejoy Nambiar,"Dulquer Salmaan, Sai Dhanshika, Neha Sharma, Sruthi Hariharan, Arthi Venkatesh",Anthology,Getaway Films & Refex Entertainment,[159]
O C T O B E R,18,Chennaiyil Oru Naal 2,JPR,"Sarathkumar, Napoleon, Ajay",Crime thriller,Kalpatru Pictures,[160]
O C T O B E R,18,Mersal,Atlee,"Vijay, Kajal Aggarwal, Samantha, Nithya Menen, S. J. Suryah",Action thriller,Sri Thenandal Films,[161]
O C T O B E R,18,Meyaadha Maan,Rathna Kumar,"Vaibhav, Priya Bhavani Shankar, Vivek Prasanna",Romantic comedy,Stone Bench Creations,[162]
O C T O B E R,27,Kadaisi Bench Karthi,Ravi Bhargavan,"Bharath, Ruhani Sharma, Angana Roy",Comedy,Rama Reels,[163]
O C T O B E R,27,Kalathur Gramam,Saran K. Adwaithan,"Kishore, Yagna Shetty, Sulile Kumar",Drama,AR Movie Paradise,[164]
N O V E M B E R,3,Aval,Milind Rau,"Siddharth, Andrea Jeremiah, Anisha Victor",Horror,Etaki Entertainment & Viacom 18 Motion Pictures,[165]
N O V E M B E R,3,Azhagin Bommi,R. K. Vijayakumar,"Vijay Kailash, Sunvika, Singamuthu",Drama,Unimac Creations,[166]
N O V E M B E R,3,Thittivasal,M. Prathapmuraali,"Mahendran, Thanu Shetty, Vinod, Nassar",Drama,K3 Cine Creations,[167]
N O V E M B E R,3,Uruthikol,R. Ayyanar,"Kishore, Megana, Kaali Venkat",Action,Jai Sneham Films,[168]
N O V E M B E R,3,Vizhithiru,Meera Kathiravan,"Kreshna, Vidharth, Venkat Prabhu, Sai Dhanshika, Abhinaya, Erica Fernandes",Crime thriller,Mainstream Cinema Productions,[169]
N O V E M B E R,9,Ippadai Vellum,Gaurav Narayanan,"Udhayanidhi Stalin, Manjima Mohan, R. K. Suresh, Daniel Balaji",Action thriller,Lyca Productions,[170]
N O V E M B E R,10,143,Rishi,"Rishi, Priyanka Sharma, Vijayakumar, Mahadevan",Romance,Eye Talkies,[171]
N O V E M B E R,10,Aramm,Minjur Gopi,"Nayanthara, Ramachandran Durairaj, Sunu Lakshmi",Social thriller,KJR Studios,[172]
N O V E M B E R,10,Nenjil Thunivirundhal,Suseenthiran,"Sundeep Kishan, Vikranth, Mehreen Pirzada",Action thriller,Annai Film Factories,[173]
N O V E M B E R,10,Rukku,Babu Radhakrishnan,"Babu Radhakrishnan, Rukku",Horror,Hoyasala Films,[174]
N O V E M B E R,10,Tharisu Nilam,Vedhaji Pandian,"Arun Thiyagu, Joshika Meera, Kovai Senthil",Drama,Sri Ranga Movies,[175]
N O V E M B E R,17,En Aaloda Seruppa Kaanom,K. P. Jagan,"Anandhi, Tamizh, Yogi Babu, Singampuli",Comedy,Drumsticks Productions,[176]
N O V E M B E R,17,Mecheri Vana Bhadrakali,K. M. Anandhan,"Seetha, Delhi Ganesh, Saravanan, Boomiga",Devotional,Sri Kalaivani Movies & JMP International,[177]
N O V E M B E R,17,Soora Kaathu,Nandha Kumar,"Nandha Kumar, Leema Babu, Saravana Sakthi",Horror,Shri Win Movies,[178]
N O V E M B E R,17,Theeran Adhigaaram Ondru,H. Vinoth,"Karthi, Rakul Preet Singh, Abhimanyu Singh",Action thriller,Dream Warrior Pictures,[179]
N O V E M B E R,24,Aangila Padam,Kumaresh Kumar,"Ramki, Sanjeev, Meenakshi, Sreeja Das",Horror Comedy,RJ Media Creations,[180]
N O V E M B E R,24,Guru Uchaththula Irukkaru,B. Dhandapani,"Guru Jeeva, Aara, Pandiarajan, M. S. Bhaskar",Comedy,Best Movies,[181]
N O V E M B E R,24,Idam Porul Aavi,Navaneeth,"Tilak Shekhar, Rohith, Anisha Ambrose",Horror,VPS Brothers Productions,
N O V E M B E R,24,Indrajith,Kalaprabhu,"Gautham Karthik, Sonarika Bhadoria, Ashrita Shetty, Sudanshu Pandey",Action adventure,V Creations,[182]
N O V E M B E R,24,Laali,Aarupadaiyappan,"Tej Charanraj, Shivani, Krishna Kumar, Manobala",Horror,Aarupadai Movie Makers,[183]
N O V E M B E R,24,Veeraiyan,S. Fareed,"Inigo Prabhakaran, Shiny, Vela Ramamoorthy, Aadukalam Naren",Action,Fara Sara Films,[184]
N O V E M B E R,24,Yaazh,M. S. Anand,"Vinoth Kishan, Sashikumar Subramani, Daniel Balaji, Misha Ghoshal, Leema Babu",Drama,Mystic Films,[185]
N O V E M B E R,30,Annadurai,G. Srinivasan,"Vijay Antony, Diana Champika, Mahima, Jewel Mary",Action drama,R Studios & Vijay Antony Film Corporation,[186]
N O V E M B E R,30,Thiruttu Payale 2,Susi Ganeshan,"Bobby Simha, Prasanna, Amala Paul, Sanam Shetty",Thriller drama,AGS Entertainment,[187]
D E C E M B E R,7,Kodiveeran,M. Muthiah,"Sasikumar, Vidharth, Mahima Nambiar, Poorna, Sanusha",Action drama,Company Productions,[188]
D E C E M B E R,8,12-12-1950,Selva,"Selva, Thambi Ramaiah, John Vijay, Ramesh Thilak",Comedy,Jyo Star Enterprises,[189]
D E C E M B E R,8,Richie,Gautham Ramachandran,"Nivin Pauly, Natarajan Subramaniam, Shraddha Srinath",Crime thriller,Cast N' Crew & Yes Cinema Company,[190]
D E C E M B E R,8,Sathya,Pradeep Krishnamoorthy,"Sibi Sathyaraj, Remya Nambeesan, Varalaxmi Sarathkumar",Crime thriller,Naathambal Film Factory,[191]
D E C E M B E R,8,Sol,Vijaya Bavannan,"Vijaya Bavannan, Anjana Raj",Drama,Semmozhi Kalaikkudil,[192]
D E C E M B E R,14,Maayavan,C. V. Kumar,"Sundeep Kishan, Lavanya Tripathi, Jackie Shroff",Action drama,Thirukumaran Entertainment,[193]
D E C E M B E R,15,Aruvi,Arun Prabu Purushothaman,"Aditi Balan, Lakshmi Gopalswami, Shwetha Shekar",Social drama,Dream Warrior Pictures,[194]
D E C E M B E R,15,Brahma.com,P. S. Vijayakumar,"Nakul, Ashna Zaveri, Neetu Chandra",Comedy,Ganesh Dream Factory,[195]
D E C E M B E R,15,Chennai 2 Singapore,Abbas Akbar,"Gokul Anand, Rajesh Balachandiran, Anju Kurian",Romantic comedy,Media Development Authority,[196]
D E C E M B E R,15,Kida Virundhu,Thamizh Selvan,"Prakash, Shalini, G. M. Kumar, Ganja Karuppu",Drama,KPN Films,[197]
D E C E M B E R,15,Palli Paruvathile,Vasudev Bhaskar,"Nandanram Narayanan, Venba, R. K. Suresh, Urvashi",Drama,Connect Film Media,[198]
D E C E M B E R,22,Sakka Podu Podu Raja,Sethuraman,"Santhanam, Vaibhavi Shandilya, Vivek",Comedy,VTV Productions,[199]
D E C E M B E R,22,Velaikkaran,Mohan Raja,"Sivakarthikeyan, Fahadh Faasil, Nayanthara, Prakash Raj, Sneha",Thriller,24AM Studios,[200]
D E C E M B E R,22,Imai,Vijay K Mohan,"Sarish, Akshya Priya",Action drama,J & B Family Productions,[201]
D E C E M B E R,29,Balloon,Sinish,"Jai, Anjali, Janani Iyer",Horror,70mm Entertainment & Farmer's Master Plan Productions,[202]
D E C E M B E R,29,Kalavaadiya Pozhuthugal,Thangar Bachan,"Prabhu Deva, Bhumika Chawla, Prakash Raj",Drama,Ayngaran International,[203]
D E C E M B E R,29,Sangu Chakkaram,Maarison,"Dhilip Subbarayan, Geetha, Raja, Pradeep",Horror comedy,Cinemawala Pictures & Leo Visions,[204]
D E C E M B E R,29,Ulkuthu,Caarthick Raju,"Dinesh, Nandita Swetha, Dhilip Subbarayan, Bala Saravanan",Action,PK Film Factory,[205]
